{
  "mean": [
    0.00606461800634861,
    -0.09407047182321548,
    -0.04022884741425514,
    0.0018802400445565581,
    -0.2935253381729126,
    -0.0609307698905468,
    -0.002290324540808797,
    -0.2720465362071991,
    -0.07083531469106674,
    -0.004990351386368275,
    -0.22996658086776733,
    -0.08581992238759995,
    -0.008557377383112907,
    -0.17795923352241516,
    -0.10474373400211334,
    0.006094829179346561,
    -0.3217402994632721,
    -0.1254984736442566,
    -0.0008142415899783373,
    -0.38167789578437805,
    -0.16860470175743103,
    -0.0021301154047250748,
    -0.3832869529724121,
    -0.14311286807060242,
    -0.0026369509287178516,
    -0.287919282913208,
    -0.11139445006847382,
    -0.005464679561555386,
    -0.23663802444934845,
    -0.10746943950653076,
    0.9330781698226929,
    0.8267932534217834,
    0.6190887689590454,
    0.5436315536499023,
    0.5694267153739929,
    0.4790469706058502,
    0.4779270887374878,
    0.6078301072120667,
    0.3734409511089325,
    0.5918275117874146
  ],
  "std": [
    0.12059644609689713,
    0.16860952973365784,
    0.045280519872903824,
    0.2808830738067627,
    0.36653462052345276,
    0.0678863376379013,
    0.27500391006469727,
    0.33183494210243225,
    0.06470055878162384,
    0.26732298731803894,
    0.3125416934490204,
    0.05972239375114441,
    0.26824575662612915,
    0.31189683079719543,
    0.057030174881219864,
    0.2874182462692261,
    0.5612817406654358,
    0.09909791499376297,
    0.4544011950492859,
    0.5873274803161621,
    0.09903301298618317,
    0.24063138663768768,
    0.4593878388404846,
    0.08486220985651016,
    0.2124425172805786,
    0.4066769778728485,
    0.0724545270204544,
    0.21864616870880127,
    0.3869747817516327,
    0.08157014846801758,
    0.08094117790460587,
    0.25817328691482544,
    0.30238428711891174,
    0.28913116455078125,
    0.2931474447250366,
    0.1837950497865677,
    0.20791493356227875,
    0.28880366683006287,
    0.2284548282623291,
    0.1664271056652069
  ]
}