{
  "mean": [
    0.00479389913380146,
    -0.09523727744817734,
    -0.04211432486772537,
    -0.00217135576531291,
    -0.27316343784332275,
    -0.06953896582126617,
    -0.006894497666507959,
    -0.2428036481142044,
    -0.07798343896865845,
    -0.009659947827458382,
    -0.1943535953760147,
    -0.09072116017341614,
    -0.012886477634310722,
    -0.13939125835895538,
    -0.10736565291881561,
    0.0027140025049448013,
    -0.3066166937351227,
    -0.12946553528308868,
    -0.005343894474208355,
    -0.364366352558136,
    -0.17246368527412415,
    -0.009673651307821274,
    -0.32239702343940735,
    -0.14591118693351746,
    -0.010706929489970207,
    -0.20730392634868622,
    -0.10852885991334915,
    -0.013992996886372566,
    -0.1581374853849411,
    -0.10446091741323471,
    0.9268925189971924,
    0.8285296559333801,
    0.5782455801963806,
    0.4935232698917389,
    0.5218594074249268,
    0.5242323875427246,
    0.4800055921077728,
    0.6060695648193359,
    0.37279099225997925,
    0.5965946912765503
  ],
  "std": [
    0.11575409770011902,
    0.17800359427928925,
    0.0472065694630146,
    0.29337576031684875,
    0.3822380602359772,
    0.06595952063798904,
    0.28924503922462463,
    0.3389357030391693,
    0.06423352658748627,
    0.28196561336517334,
    0.3115188479423523,
    0.06086600944399834,
    0.28206944465637207,
    0.3073206841945648,
    0.05925910547375679,
    0.27563363313674927,
    0.5913261771202087,
    0.10283675044775009,
    0.46480226516723633,
    0.6184272766113281,
    0.10227211564779282,
    0.2306491732597351,
    0.4476897418498993,
    0.08822159469127655,
    0.2156844288110733,
    0.35074248909950256,
    0.07556363195180893,
    0.22754260897636414,
    0.3295508325099945,
    0.08543958514928818,
    0.08331817388534546,
    0.27257129549980164,
    0.2937507927417755,
    0.2636668384075165,
    0.2729436755180359,
    0.13535025715827942,
    0.21944481134414673,
    0.30501478910446167,
    0.24133087694644928,
    0.17495863139629364
  ]
}